275849, 267893, 4224, 3732, 388, 171, 130, 31, 31, 881, 131, 46, 18, 4092, 8
214509, 170070, 40804, 3635, 377, 197, 155, 37, 37, 914, 140, 52, 22, 4061, 8
271399, 267309, 1006, 3084, 2250, 553, 3944, 4400, 3861, 3947, 1837, 4270, 4467, 3482, 8
169372, 164889, 1391, 3092, 351, 154, 121, 30, 28, 793, 133, 42, 16, 3482, 8
208141, 203941, 1098, 3102, 383, 162, 120, 29, 29, 1609, 132, 41, 16, 3659, 8
182451, 177424, 1033, 3994, 380, 165, 121, 30, 32, 907, 130, 43, 18, 4192, 8
155338, 151106, 1024, 3208, 374, 156, 120, 29, 28, 804, 140, 43, 16, 3625, 8
166445, 162194, 1134, 3117, 352, 153, 120, 29, 28, 745, 137, 43, 16, 3513, 8
187034, 182585, 1003, 3446, 373, 156, 120, 29, 29, 1691, 137, 45, 17, 3793, 8
171738, 166927, 1377, 3434, 367, 156, 120, 29, 29, 841, 138, 41, 16, 3750, 8
318369, 313689, 1160, 3520, 5792, 2697, 4529, 2607, 4389, 3223, 2569, 4164, 3006, 4085, 8
167845, 162770, 1079, 3996, 383, 163, 120, 30, 30, 929, 131, 45, 17, 4145, 8
166430, 161632, 968, 3830, 395, 161, 120, 31, 30, 867, 131, 43, 17, 4066, 8
172343, 167627, 1243, 3473, 368, 157, 120, 30, 28, 790, 136, 43, 17, 3771, 8
340769, 335906, 1238, 3625, 440, 179, 141, 32, 32, 948, 138, 44, 18, 4238, 8
226680, 222231, 969, 3480, 362, 157, 120, 29, 29, 20270, 134, 46, 17, 3718, 8
393682, 387497, 1499, 4686, 437, 167, 121, 30, 30, 1830, 137, 52, 21, 5132, 8
165112, 160698, 995, 3419, 372, 156, 120, 29, 29, 855, 135, 43, 16, 3703, 8
165638, 161204, 945, 3489, 372, 155, 120, 30, 29, 896, 130, 40, 17, 3766, 8
155785, 151580, 1154, 3051, 363, 153, 119, 29, 29, 746, 134, 44, 16, 3483, 8
154274, 150115, 1024, 3135, 349, 157, 123, 29, 29, 771, 135, 46, 16, 3457, 8
324291, 319129, 1371, 3791, 434, 172, 121, 30, 30, 886, 134, 44, 17, 4336, 8
261518, 256475, 1636, 3407, 1179, 2307, 521, 2217, 2220, 1489, 757, 1976, 2209, 3983, 8
292968, 287682, 995, 4291, 2556, 2308, 2358, 2252, 2259, 1993, 971, 1687, 2210, 4403, 8
372834, 367713, 1192, 3929, 918, 2325, 2321, 2234, 2237, 1448, 686, 1934, 2225, 4148, 8
3128799, 3123679, 1662, 3458, 388, 159, 120, 30, 28, 782, 133, 43, 17, 3813, 8
219501, 214776, 1182, 3543, 384, 161, 123, 30, 29, 1094, 135, 43, 17, 3959, 8
174219, 169764, 1039, 3416, 374, 159, 130, 29, 29, 950, 138, 45, 17, 3673, 8
180696, 176186, 1044, 3466, 393, 160, 121, 32, 30, 850, 131, 45, 17, 3914, 8
240504, 235592, 1278, 3634, 385, 161, 120, 31, 35, 910, 134, 43, 16, 3861, 8
178287, 173611, 1047, 3629, 399, 160, 119, 30, 29, 912, 138, 44, 17, 4020, 8
198423, 193761, 1047, 3615, 390, 160, 120, 30, 29, 908, 137, 45, 17, 3964, 8
333950, 328471, 1198, 4281, 439, 200, 237, 35, 34, 1296, 145, 48, 21, 4602, 8
375791, 369449, 1264, 5078, 486, 177, 122, 33, 33, 1374, 152, 48, 20, 5515, 8
399294, 393013, 1244, 5037, 386, 165, 121, 30, 32, 1000, 138, 54, 32, 4957, 8
459390, 454470, 1261, 3659, 430, 185, 140, 31, 32, 918, 137, 48, 26, 4210, 8
325086, 320014, 1232, 3840, 1413, 2393, 2400, 2300, 2297, 1802, 855, 1857, 2206, 4153, 8
255177, 250122, 1434, 3621, 436, 165, 121, 31, 58, 24792, 136, 46, 17, 4194, 8
321088, 315347, 1292, 4449, 497, 196, 141, 38, 39, 876, 136, 48, 24, 4620, 8
342923, 338152, 1434, 3337, 609, 2400, 2394, 1896, 2312, 1795, 1021, 1862, 2208, 3699, 8
311143, 305632, 1251, 4260, 467, 173, 121, 34, 32, 1265, 132, 45, 18, 4665, 8
156576, 152007, 1097, 3472, 367, 155, 120, 30, 28, 752, 133, 42, 17, 3747, 8
189069, 184227, 1145, 3697, 382, 156, 121, 30, 30, 811, 130, 44, 17, 3944, 8
308509, 303041, 1502, 3966, 2136, 162, 123, 34, 35, 6658, 1388, 49, 23, 4452, 8
197512, 192967, 1132, 3413, 447, 157, 120, 30, 30, 1003, 137, 47, 17, 3835, 8
242893, 237843, 981, 4069, 381, 162, 122, 31, 29, 1350, 136, 46, 18, 4240, 8
258694, 253808, 1022, 3864, 387, 159, 122, 30, 29, 837, 136, 45, 17, 4050, 8
295139, 289660, 1067, 4412, 397, 164, 122, 32, 31, 909, 137, 45, 18, 4454, 8
250303, 244274, 964, 5065, 400, 179, 121, 35, 33, 1027, 137, 45, 18, 4883, 8
258162, 253727, 1012, 3423, 363, 157, 120, 29, 29, 845, 138, 44, 16, 3778, 8
270972, 266314, 1296, 3362, 355, 151, 120, 30, 36, 808, 137, 41, 16, 3662, 8
294519, 289527, 1027, 3965, 400, 165, 125, 33, 33, 944, 137, 47, 20, 4337, 8
192889, 187625, 1234, 4030, 385, 160, 121, 31, 29, 10180, 137, 46, 19, 4158, 8
253928, 248748, 1031, 4149, 400, 153, 120, 29, 30, 945, 138, 44, 17, 4042, 8
276442, 270614, 1110, 4718, 448, 180, 122, 33, 32, 1831, 136, 46, 19, 4924, 8
163382, 159057, 964, 3361, 365, 167, 121, 30, 29, 837, 134, 42, 16, 3647, 8
147027, 142896, 971, 3160, 356, 150, 118, 30, 29, 707, 128, 43, 16, 3476, 8
414641, 409470, 1037, 4134, 396, 162, 120, 31, 30, 882, 131, 45, 19, 4258, 8
167417, 162522, 1061, 3834, 370, 157, 120, 34, 31, 909, 135, 43, 16, 4050, 8
270333, 264418, 1078, 4837, 370, 169, 133, 31, 31, 1002, 140, 50, 26, 4769, 8
166370, 161956, 1073, 3341, 354, 155, 120, 28, 30, 819, 135, 44, 16, 3633, 8
217880, 213460, 956, 3464, 372, 154, 120, 30, 28, 793, 138, 42, 15, 3753, 8
176998, 172295, 1269, 3434, 370, 158, 120, 29, 29, 801, 134, 41, 16, 3802, 8
190067, 185970, 968, 3129, 358, 153, 120, 28, 28, 761, 134, 43, 16, 3562, 8
242909, 238553, 957, 3399, 910, 1379, 2308, 2220, 2221, 1801, 968, 1805, 2214, 3727, 8
173797, 169614, 1076, 3107, 350, 152, 120, 29, 29, 743, 134, 45, 16, 3532, 8
239712, 234053, 1124, 4535, 406, 161, 120, 31, 30, 886, 129, 45, 17, 4491, 8
253150, 246823, 1431, 4896, 485, 171, 121, 32, 32, 1126, 134, 45, 20, 5011, 8
174982, 170850, 976, 3156, 365, 151, 120, 29, 29, 753, 134, 41, 16, 3556, 8
527778, 521899, 1196, 4683, 421, 174, 127, 32, 32, 1004, 136, 47, 19, 4678, 8
167676, 163246, 1034, 3396, 358, 153, 120, 29, 29, 863, 138, 41, 16, 3530, 8
164547, 159881, 980, 3686, 412, 156, 119, 29, 29, 936, 138, 43, 17, 3788, 8
323201, 314432, 1130, 7639, 365, 158, 120, 30, 30, 2499, 136, 43, 17, 7138, 8
171848, 167826, 993, 3029, 349, 151, 119, 29, 28, 748, 130, 42, 15, 3365, 8
167579, 163198, 1065, 3316, 364, 152, 120, 31, 30, 831, 138, 41, 16, 3631, 8
206590, 201011, 1041, 4538, 394, 163, 123, 32, 33, 980, 132, 44, 18, 4548, 8
157778, 153578, 916, 3284, 361, 152, 119, 29, 30, 754, 129, 43, 16, 3552, 8
438343, 432212, 1253, 4878, 616, 2310, 2309, 775, 2234, 1255, 962, 55, 24, 4878, 8
353855, 349704, 1009, 3142, 382, 154, 119, 29, 30, 1018, 130, 42, 16, 3573, 8
196801, 191949, 1359, 3493, 414, 207, 170, 36, 37, 884, 142, 50, 21, 4251, 8
235087, 230839, 1092, 3156, 1488, 2411, 2397, 2323, 2319, 1712, 1072, 2078, 2297, 3700, 8
238578, 233334, 1552, 3692, 430, 162, 121, 30, 30, 2180, 136, 46, 18, 3999, 8
435978, 428759, 1208, 6011, 608, 208, 167, 46, 37, 1266, 164, 52, 30, 5672, 8
290921, 286280, 1008, 3633, 393, 160, 122, 29, 30, 1012, 136, 41, 17, 3947, 8
238579, 233697, 969, 3913, 461, 161, 120, 30, 31, 997, 155, 43, 17, 4251, 8
529125, 522757, 1286, 5082, 480, 173, 123, 33, 32, 1900, 130, 48, 20, 5177, 8
428579, 420595, 1681, 6303, 911, 199, 124, 33, 34, 1725, 134, 48, 22, 6120, 8
563571, 557159, 1602, 4810, 488, 173, 123, 33, 33, 1009, 134, 80, 22, 4991, 8
464859, 458455, 1201, 5203, 494, 178, 122, 33, 31, 1475, 147, 49, 19, 5274, 8
293676, 288573, 1099, 4004, 438, 161, 120, 31, 30, 874, 138, 44, 17, 4463, 8
266792, 261789, 1161, 3842, 428, 172, 127, 44, 43, 1537, 140, 59, 17, 4254, 12
414606, 409481, 1307, 3818, 3463, 3452, 2842, 2240, 2235, 1419, 675, 1971, 2213, 4311, 12
261469, 255914, 1207, 4348, 488, 170, 127, 44, 43, 856, 139, 57, 17, 4698, 12
184163, 178980, 1076, 4107, 408, 168, 128, 45, 43, 942, 142, 58, 17, 4204, 12
245772, 240676, 1080, 4016, 529, 2311, 2313, 2231, 1698, 1397, 368, 1938, 2212, 4334, 12
247836, 242272, 1112, 4452, 410, 188, 131, 47, 45, 1156, 141, 60, 22, 4603, 12
418070, 412470, 1223, 4377, 472, 209, 162, 53, 54, 1269, 148, 63, 21, 4692, 12
284342, 279780, 1133, 3429, 1791, 2330, 2331, 2249, 2247, 1603, 952, 2031, 2224, 3780, 12
215428, 210585, 1132, 3711, 368, 164, 128, 43, 41, 1137, 137, 57, 17, 3851, 12
306500, 301659, 1168, 3673, 368, 164, 127, 43, 42, 1887, 133, 58, 17, 3866, 12
1671376, 1664681, 1281, 5414, 717, 2346, 959, 2249, 2358, 3201, 391, 758, 22, 5499, 12
252220, 246709, 1093, 4418, 392, 173, 129, 44, 44, 933, 144, 58, 18, 4496, 12
295790, 291348, 975, 3467, 493, 169, 132, 43, 42, 1662, 2118, 2086, 2318, 3829, 12
301928, 296182, 1306, 4440, 428, 178, 130, 47, 46, 1365, 139, 62, 21, 4515, 12
409923, 404190, 1148, 4585, 690, 2099, 774, 50, 54, 992, 146, 63, 20, 4635, 12
192736, 187696, 1293, 3747, 383, 167, 127, 44, 42, 833, 134, 58, 17, 3956, 12
173139, 168737, 1133, 3269, 349, 160, 126, 42, 42, 736, 140, 58, 16, 3521, 12
161098, 156911, 989, 3198, 367, 163, 128, 42, 42, 744, 134, 57, 15, 3519, 12
1260532, 1255094, 1313, 4125, 579, 182, 138, 47, 47, 2259, 140, 1975, 360, 4248, 12
145960, 141803, 988, 3169, 352, 161, 126, 43, 42, 707, 137, 57, 16, 3503, 12
217513, 212439, 1039, 4035, 399, 175, 133, 47, 45, 996, 139, 61, 21, 4303, 12
153992, 149947, 881, 3164, 359, 159, 127, 42, 41, 789, 133, 55, 16, 3508, 12
154437, 150226, 969, 3242, 377, 161, 126, 43, 41, 745, 141, 55, 17, 3463, 12
281086, 275547, 1171, 4368, 516, 164, 133, 44, 42, 949, 144, 65, 21, 4415, 12
178782, 174251, 1063, 3468, 412, 177, 130, 47, 45, 1056, 142, 64, 22, 3787, 12
173304, 168179, 1015, 4110, 386, 176, 131, 46, 44, 927, 141, 62, 18, 4250, 12
171620, 167460, 989, 3171, 351, 158, 126, 43, 42, 745, 138, 58, 16, 3449, 12
358059, 352654, 1222, 4183, 445, 176, 128, 44, 43, 959, 141, 57, 18, 4566, 12
226629, 221849, 1195, 3585, 416, 163, 127, 44, 42, 859, 165, 57, 17, 3974, 12
238442, 233666, 1207, 3569, 436, 169, 127, 44, 43, 880, 133, 58, 17, 4174, 12
157066, 152929, 1005, 3132, 348, 160, 126, 43, 41, 734, 139, 57, 24, 3537, 12
357217, 352130, 1193, 3894, 413, 167, 127, 44, 42, 1649, 134, 59, 17, 4163, 12
265207, 260442, 1169, 3596, 476, 239, 240, 162, 186, 854, 198, 60, 17, 4242, 12
165911, 161500, 1028, 3383, 368, 162, 126, 44, 42, 780, 134, 56, 16, 3743, 12
386468, 380374, 1230, 4864, 442, 177, 129, 45, 45, 1734, 138, 60, 20, 5005, 12
316992, 312506, 1019, 3467, 803, 163, 127, 43, 42, 1688, 3417, 1801, 2209, 4107, 12
171950, 167239, 1056, 3655, 374, 166, 128, 42, 43, 943, 139, 58, 17, 3790, 12
157476, 153305, 981, 3190, 352, 159, 127, 43, 41, 762, 141, 53, 16, 3532, 12
371530, 365245, 1804, 4481, 682, 184, 128, 48, 53, 2138, 138, 2073, 2326, 4605, 12
246375, 240729, 1497, 4149, 420, 181, 131, 44, 43, 1043, 142, 60, 17, 4482, 12
259085, 254472, 1185, 3428, 1326, 2324, 2322, 2237, 2238, 1640, 968, 2004, 2219, 3728, 12
389628, 383103, 1233, 5292, 562, 176, 136, 45, 44, 1089, 143, 62, 18, 5375, 12
256568, 250585, 1102, 4881, 450, 178, 129, 46, 45, 1386, 141, 64, 19, 5007, 12
197629, 192647, 1282, 3700, 422, 167, 127, 44, 43, 841, 134, 56, 17, 4213, 12
264081, 259351, 1097, 3633, 1079, 2323, 2325, 2232, 599, 1504, 754, 1981, 2211, 4192, 12
344033, 337988, 1251, 4794, 478, 182, 198, 47, 120, 1007, 143, 64, 21, 4899, 12
273634, 266402, 1193, 6039, 576, 182, 138, 48, 46, 1295, 143, 63, 21, 5841, 12
181856, 177132, 1125, 3599, 390, 170, 127, 44, 43, 873, 134, 57, 19, 3932, 12
359246, 351934, 1641, 5671, 480, 186, 131, 47, 47, 1133, 135, 62, 21, 5564, 12
270308, 265639, 1301, 3368, 1933, 2422, 2444, 2372, 2347, 1733, 1065, 2035, 2245, 3675, 12
262078, 257158, 1334, 3586, 410, 168, 131, 45, 46, 1052, 134, 50, 18, 4215, 16
287443, 282747, 1233, 3463, 378, 164, 131, 45, 44, 2172, 141, 51, 17, 3822, 16
454295, 448145, 1364, 4786, 477, 183, 137, 49, 49, 1322, 143, 57, 22, 5381, 16
609859, 602239, 1866, 5754, 443, 188, 135, 48, 49, 43588, 137, 67, 23, 5823, 16
471553, 466128, 1373, 4052, 380, 175, 135, 45, 47, 17929, 143, 55, 19, 4241, 16
534287, 527501, 1364, 5422, 416, 186, 135, 47, 49, 2754, 136, 59, 22, 5326, 16
542674, 537323, 1020, 4331, 394, 185, 140, 51, 48, 1382, 145, 91, 22, 4553, 16
394084, 388485, 1203, 4396, 389, 178, 134, 49, 56, 1559, 140, 53, 21, 4327, 16
436268, 430034, 1188, 5046, 427, 180, 138, 47, 46, 1861, 143, 55, 19, 4869, 16
396548, 390731, 1140, 4677, 445, 181, 135, 46, 48, 951, 143, 58, 21, 5129, 16
312443, 306776, 1151, 4516, 425, 181, 135, 48, 48, 2034, 136, 58, 21, 4820, 16
303521, 298422, 1018, 4081, 410, 174, 136, 47, 46, 1557, 147, 57, 20, 4323, 16
526331, 520063, 1023, 5245, 471, 192, 133, 49, 46, 1575, 149, 63, 20, 7079, 16
286933, 282094, 1053, 3786, 403, 174, 138, 47, 46, 801, 144, 54, 18, 3909, 16
202298, 197255, 1067, 3976, 397, 170, 133, 46, 45, 849, 137, 53, 18, 4128, 16
149818, 145595, 1048, 3175, 353, 198, 166, 54, 54, 770, 144, 59, 20, 3540, 16
2719817, 2713122, 1124, 5571, 598, 897, 200, 64, 65, 1344, 155, 74, 27, 5387, 16
263054, 257505, 1061, 4488, 410, 180, 135, 47, 47, 963, 137, 55, 21, 4452, 16
146121, 141937, 980, 3204, 349, 164, 132, 45, 44, 708, 141, 54, 16, 3534, 16
2943309, 2936679, 1154, 5476, 1127, 2418, 1749, 1861, 1871, 7849, 1628, 231, 2352, 2565, 16
3410620, 3406095, 1159, 3366, 364, 225, 190, 60, 60, 1877, 160, 68, 23, 3740, 16
153859, 149771, 920, 3168, 376, 186, 153, 50, 49, 751, 141, 57, 18, 3542, 16
196473, 191079, 1504, 3890, 429, 171, 132, 46, 44, 844, 135, 53, 17, 4276, 16
149930, 145732, 982, 3216, 360, 162, 133, 45, 44, 1178, 139, 52, 16, 3596, 16
242450, 236695, 1424, 4331, 441, 185, 138, 49, 50, 1063, 135, 59, 23, 4558, 16
156840, 152663, 999, 3178, 361, 177, 133, 44, 43, 772, 141, 53, 18, 3525, 16
178053, 173408, 934, 3711, 366, 169, 132, 45, 45, 828, 142, 53, 19, 3839, 16
176461, 172254, 1010, 3197, 352, 164, 132, 44, 44, 742, 135, 53, 17, 3498, 16
180237, 175642, 1018, 3577, 427, 167, 131, 44, 44, 857, 157, 54, 17, 3821, 16
223391, 218576, 1175, 3640, 498, 172, 132, 45, 45, 997, 143, 58, 23, 4133, 16
314227, 308453, 1079, 4695, 2131, 193, 148, 53, 56, 7488, 2115, 63, 30, 5178, 16
181619, 176918, 1102, 3599, 369, 168, 132, 45, 43, 781, 138, 53, 17, 3830, 16
179229, 174254, 1038, 3937, 369, 170, 131, 45, 46, 843, 140, 54, 18, 4034, 16
243294, 237940, 1467, 3887, 401, 173, 136, 46, 46, 925, 141, 57, 18, 4132, 16
261663, 254165, 1229, 6269, 650, 198, 139, 52, 50, 1231, 146, 73, 24, 5880, 16
165764, 161137, 1070, 3557, 367, 167, 131, 45, 45, 804, 134, 54, 17, 3765, 16
179034, 174102, 1043, 3889, 457, 170, 131, 45, 45, 868, 138, 53, 18, 4135, 16
187134, 181947, 1260, 3927, 420, 170, 132, 46, 45, 850, 138, 51, 19, 4355, 16
170666, 166151, 1164, 3351, 353, 164, 131, 44, 44, 826, 137, 52, 18, 3635, 16
205591, 200936, 1040, 3615, 388, 166, 131, 44, 45, 867, 138, 53, 18, 3935, 16
182924, 178233, 1240, 3451, 418, 222, 186, 60, 61, 875, 153, 67, 22, 3909, 16
250260, 245452, 1235, 3573, 2141, 174, 134, 47, 48, 6710, 1415, 58, 26, 4162, 16
161148, 156760, 959, 3429, 364, 165, 131, 44, 44, 800, 142, 54, 16, 3723, 16
179121, 174175, 1019, 3927, 371, 172, 132, 45, 45, 859, 253, 56, 18, 4047, 16
329998, 324226, 1185, 4587, 404, 181, 134, 47, 47, 1168, 141, 56, 20, 4651, 16
343240, 337694, 1119, 4427, 2505, 2406, 2375, 2243, 2243, 1430, 684, 1941, 2220, 4516, 16
276927, 271539, 1006, 4382, 462, 2317, 2318, 2236, 2237, 1458, 684, 1927, 2215, 4303, 16
268414, 263182, 1540, 3692, 1055, 2319, 2319, 2235, 2234, 1496, 767, 1986, 2214, 4174, 16
257009, 251261, 1037, 4711, 598, 174, 140, 46, 45, 971, 148, 54, 18, 5040, 16
244550, 239374, 1458, 3718, 424, 171, 132, 45, 45, 1497, 134, 54, 18, 4244, 16
432525, 422662, 1257, 8606, 465, 236, 189, 68, 68, 2839, 162, 141, 37, 8452, 20
502694, 494551, 1873, 6270, 608, 194, 144, 55, 54, 1462, 149, 81, 25, 6245, 20
354001, 347350, 1640, 5011, 545, 186, 142, 55, 54, 1517, 152, 71, 24, 5218, 20
286446, 280522, 1309, 4615, 452, 193, 145, 56, 54, 1648, 149, 75, 23, 4872, 20
352323, 346989, 1264, 4070, 447, 231, 136, 55, 51, 15053, 204, 102, 22, 4136, 20
567490, 561389, 1317, 4784, 443, 183, 136, 53, 52, 1067, 141, 73, 21, 5001, 20
223158, 218424, 1415, 3319, 359, 166, 133, 51, 49, 882, 143, 68, 19, 3632, 20
213238, 208626, 1037, 3575, 419, 171, 134, 52, 49, 864, 147, 68, 20, 4127, 20
322538, 317456, 1417, 3665, 1349, 2322, 2325, 2245, 2242, 1551, 868, 1997, 2223, 3970, 20
383938, 378401, 1135, 4402, 582, 174, 141, 52, 52, 1061, 144, 70, 21, 4891, 20
185379, 180309, 1003, 4067, 381, 182, 136, 53, 53, 1052, 148, 69, 21, 4181, 20
349665, 344836, 1041, 3788, 413, 173, 132, 52, 50, 821, 145, 68, 20, 4208, 20
220941, 216406, 1117, 3418, 377, 167, 132, 51, 50, 807, 139, 65, 21, 3739, 20
297030, 292354, 1163, 3513, 2111, 2426, 1870, 52, 50, 1627, 1105, 2020, 2215, 3885, 20
155492, 151293, 992, 3207, 357, 162, 133, 50, 50, 787, 145, 68, 18, 3451, 20
214409, 209410, 1050, 3949, 396, 172, 134, 52, 50, 942, 146, 68, 20, 4151, 20
327087, 322357, 1200, 3530, 2014, 179, 144, 56, 55, 7693, 1414, 78, 28, 4105, 20
358342, 352453, 1295, 4594, 410, 186, 140, 55, 54, 1448, 139, 73, 27, 4618, 20
241324, 236823, 1054, 3447, 369, 168, 141, 54, 50, 830, 144, 68, 21, 3772, 20
323117, 317104, 1048, 4965, 403, 186, 141, 55, 53, 1418, 148, 74, 22, 4808, 20
526313, 521747, 895, 3671, 376, 173, 133, 54, 50, 2313, 148, 68, 21, 4046, 20
239811, 234489, 1027, 4295, 399, 182, 139, 58, 58, 927, 139, 71, 21, 4164, 20
154291, 149519, 1003, 3769, 379, 166, 131, 51, 50, 928, 147, 72, 21, 3918, 20
175243, 170874, 1053, 3316, 355, 166, 132, 52, 62, 785, 144, 68, 20, 3623, 20
167656, 163499, 934, 3223, 362, 166, 133, 51, 49, 768, 141, 67, 18, 3573, 20
246157, 241873, 1008, 3276, 1184, 239, 131, 54, 50, 833, 1076, 67, 20, 3789, 20
226366, 221495, 1413, 3458, 364, 168, 133, 51, 49, 819, 146, 67, 20, 3741, 20
342826, 337405, 985, 4436, 402, 177, 136, 53, 51, 935, 146, 70, 21, 4487, 20
185634, 180830, 1430, 3374, 367, 166, 133, 52, 49, 757, 142, 68, 19, 3665, 20
171621, 167043, 1362, 3216, 373, 167, 134, 51, 51, 758, 147, 67, 19, 3556, 20
220214, 216032, 1058, 3124, 373, 173, 133, 64, 58, 800, 142, 103, 19, 3517, 20
158693, 154677, 871, 3145, 386, 169, 135, 51, 49, 755, 146, 69, 19, 3549, 20
196218, 191362, 1060, 3796, 365, 168, 134, 51, 50, 18021, 147, 69, 20, 3867, 20
229868, 224893, 1269, 3706, 366, 167, 137, 52, 49, 859, 148, 74, 21, 4050, 20
229243, 223877, 913, 4453, 496, 202, 132, 53, 58, 878, 149, 71, 19, 4510, 20
169045, 164427, 1137, 3481, 359, 165, 133, 51, 49, 816, 145, 67, 20, 3681, 20
236228, 230764, 1042, 4422, 432, 177, 134, 54, 53, 971, 138, 72, 21, 4753, 20
171369, 166603, 1000, 3766, 365, 167, 134, 51, 50, 877, 149, 70, 20, 3879, 20
411429, 405406, 1151, 4872, 410, 189, 135, 113, 50, 1145, 150, 102, 90, 4570, 20
378010, 157419, 968, 219623, 358, 163, 132, 51, 48, 807, 141, 66, 19, 3510, 20
173118, 168476, 1096, 3546, 384, 166, 140, 51, 50, 808, 147, 69, 20, 3935, 20
377795, 373085, 1045, 3665, 5657, 4570, 4563, 4490, 4493, 3838, 3190, 3576, 4527, 3893, 20
290467, 285462, 1214, 3791, 467, 172, 134, 51, 50, 986, 167, 70, 19, 4383, 20
168874, 164186, 958, 3730, 377, 171, 134, 52, 50, 935, 139, 69, 20, 3792, 20
262625, 257998, 1111, 3516, 406, 170, 131, 52, 50, 813, 147, 69, 20, 4144, 20
188646, 183603, 1150, 3893, 430, 171, 134, 52, 49, 924, 142, 72, 21, 4346, 20
183371, 178511, 1118, 3742, 372, 167, 133, 53, 49, 907, 143, 70, 20, 3881, 20
188552, 183660, 1251, 3641, 435, 170, 133, 52, 51, 868, 151, 68, 21, 3971, 20
194504, 189695, 995, 3814, 362, 166, 133, 51, 51, 20114, 141, 69, 22, 4190, 20
371504, 366433, 1187, 3884, 1202, 2400, 2417, 2344, 2347, 1461, 713, 1991, 2222, 4394, 20
620015, 613904, 1418, 4693, 472, 184, 133, 57, 54, 1009, 142, 70, 25, 4902, 24
296856, 290269, 1501, 5086, 544, 184, 134, 58, 52, 1086, 155, 71, 30, 5187, 24
268103, 263162, 1240, 3701, 826, 2328, 2287, 2250, 2244, 1526, 835, 1975, 2219, 3996, 24
1303218, 1295970, 2565, 4683, 428, 190, 136, 57, 55, 978, 147, 68, 25, 4660, 24
220252, 215945, 1322, 2985, 1904, 2315, 2319, 2241, 2239, 1633, 1019, 2039, 2220, 3517, 24
272129, 266254, 1294, 4581, 538, 206, 138, 56, 54, 1019, 157, 76, 26, 4884, 24
282666, 277673, 1343, 3650, 502, 1302, 138, 55, 53, 1863, 154, 68, 23, 4010, 24
283069, 279001, 1024, 3044, 1678, 2334, 2334, 2259, 2257, 1615, 918, 2021, 2235, 3503, 24
561602, 554144, 1907, 5551, 2025, 186, 135, 56, 55, 2146, 150, 70, 26, 5231, 24
755234, 747852, 1255, 6127, 407, 179, 135, 63, 54, 48566, 144, 79, 29, 5631, 24
544527, 535230, 1251, 8046, 488, 211, 141, 61, 62, 4443, 146, 79, 29, 7976, 24
782271, 776438, 975, 4858, 391, 178, 134, 56, 54, 2270, 144, 70, 24, 4404, 24
831382, 824577, 1145, 5660, 512, 200, 137, 65, 57, 1885, 160, 106, 28, 5416, 24
661703, 655084, 1147, 5472, 416, 186, 146, 59, 56, 1690, 148, 69, 25, 5206, 24
295737, 291114, 1189, 3434, 374, 168, 133, 55, 50, 19346, 145, 70, 24, 3759, 24
374705, 369494, 1147, 4064, 462, 239, 135, 55, 53, 1058, 144, 101, 23, 4431, 24
3265849, 3259188, 1237, 5424, 1359, 2423, 1780, 1815, 158, 1581, 389, 1911, 321, 5303, 24
284343, 279564, 972, 3807, 381, 197, 157, 62, 59, 851, 157, 72, 25, 4045, 24
2855526, 2848974, 1209, 5343, 446, 247, 194, 74, 74, 1222, 191, 85, 34, 5245, 24
231707, 226710, 1221, 3776, 380, 190, 151, 61, 58, 828, 148, 75, 25, 3961, 24
2580513, 2574257, 1584, 4672, 839, 4450, 4493, 3860, 2658, 3160, 2114, 567, 27, 5144, 24
357700, 353207, 1394, 3099, 353, 164, 132, 53, 51, 706, 150, 66, 21, 3514, 24
162028, 157693, 1006, 3329, 364, 188, 151, 60, 58, 808, 149, 73, 23, 3619, 24
394046, 388575, 1052, 4419, 404, 180, 136, 57, 53, 937, 143, 67, 24, 4626, 24
154539, 150209, 967, 3363, 365, 179, 144, 58, 55, 774, 146, 69, 24, 3616, 24
2368940, 2363881, 1148, 3911, 402, 234, 191, 72, 71, 27879, 169, 91, 31, 4174, 24
208139, 203830, 1152, 3157, 360, 164, 133, 54, 52, 717, 150, 67, 22, 3511, 24
228058, 223622, 1133, 3303, 1425, 2400, 2392, 2292, 2289, 1639, 913, 2038, 2259, 3731, 24
2715753, 2709022, 1209, 5522, 1591, 2414, 1401, 2287, 2414, 2540, 236, 1925, 1498, 5360, 24
163542, 158938, 1114, 3490, 380, 188, 153, 60, 58, 829, 157, 80, 25, 3680, 24
156442, 152007, 1006, 3429, 365, 168, 134, 54, 51, 767, 146, 66, 22, 3760, 24
211240, 206447, 1014, 3779, 403, 179, 138, 58, 58, 898, 150, 68, 27, 4089, 24
188376, 183445, 1306, 3625, 448, 170, 134, 55, 53, 853, 150, 67, 22, 4128, 24
182999, 178386, 1216, 3397, 356, 163, 133, 56, 52, 769, 149, 63, 22, 3626, 24
222196, 218049, 1061, 3086, 3622, 4514, 4517, 4437, 4437, 3844, 3216, 4224, 4416, 3498, 24
189136, 183696, 1416, 4024, 429, 173, 134, 55, 53, 967, 152, 67, 23, 4545, 24
168605, 164210, 980, 3415, 380, 168, 133, 54, 52, 891, 148, 66, 22, 3783, 24
163219, 158056, 1078, 4085, 400, 173, 131, 55, 53, 851, 141, 67, 23, 4241, 24
243387, 237800, 1145, 4442, 363, 167, 131, 53, 52, 830, 151, 69, 22, 4460, 24
163733, 159437, 976, 3320, 369, 165, 131, 58, 52, 823, 150, 67, 23, 3644, 24
202383, 197371, 1193, 3819, 390, 171, 133, 56, 52, 855, 149, 65, 23, 3946, 24
273437, 268133, 1331, 3973, 403, 170, 133, 55, 53, 897, 150, 66, 23, 4119, 24
232237, 227129, 1123, 3985, 393, 170, 133, 55, 53, 844, 149, 67, 23, 4237, 24
162033, 157629, 1001, 3403, 361, 164, 133, 55, 51, 783, 150, 67, 22, 3671, 24
164949, 160267, 1302, 3380, 374, 171, 136, 55, 53, 788, 148, 68, 22, 3752, 24
157285, 152778, 1046, 3461, 351, 164, 133, 54, 52, 747, 151, 64, 21, 3515, 24
165294, 160658, 1019, 3617, 379, 168, 133, 57, 53, 892, 148, 66, 22, 3860, 24
220313, 215502, 1077, 3734, 461, 172, 132, 56, 51, 904, 145, 68, 23, 4298, 24
171419, 166870, 1188, 3361, 363, 165, 133, 55, 52, 786, 142, 67, 22, 3782, 24
162294, 157991, 1055, 3248, 365, 167, 131, 54, 51, 798, 148, 69, 22, 3503, 24
302685, 298376, 1087, 3222, 5832, 4512, 4520, 4438, 4436, 3876, 3254, 4210, 4410, 3480, 28
278342, 273707, 1104, 3531, 390, 171, 135, 58, 56, 12744, 154, 75, 27, 3854, 28
299607, 294796, 1242, 3569, 496, 2324, 2321, 4511, 2246, 1782, 770, 1716, 2221, 4182, 28
231751, 225524, 1248, 4979, 574, 212, 143, 58, 57, 1076, 159, 68, 25, 4983, 28
188798, 184026, 1172, 3600, 444, 173, 134, 57, 57, 963, 161, 64, 23, 3879, 28
307307, 302867, 1025, 3415, 1786, 2339, 2339, 249, 2263, 1646, 1033, 2030, 2237, 3844, 28
387705, 380512, 1293, 5900, 564, 228, 136, 59, 65, 1284, 202, 79, 26, 5644, 28
263302, 257967, 1403, 3932, 963, 2337, 2340, 2261, 2265, 1582, 889, 1981, 2235, 4121, 28
243041, 238006, 1237, 3798, 382, 175, 135, 58, 56, 1426, 152, 66, 24, 4117, 28
320551, 315854, 1403, 3294, 2231, 2359, 2353, 2262, 2261, 3819, 3169, 2023, 2224, 3731, 28
343855, 338312, 1091, 4452, 487, 204, 145, 58, 55, 19288, 159, 65, 34, 4498, 28
475477, 468587, 1407, 5483, 460, 190, 138, 61, 58, 2427, 150, 80, 28, 5375, 28
795031, 788772, 1397, 4862, 476, 283, 193, 82, 162, 1980, 170, 139, 36, 4834, 28
501333, 493134, 1533, 6666, 453, 200, 141, 62, 60, 3177, 150, 73, 29, 6132, 28
329021, 324512, 1062, 3447, 372, 168, 135, 58, 55, 1983, 148, 63, 24, 3796, 28
639246, 633297, 1141, 4808, 403, 185, 136, 59, 55, 38425, 155, 107, 29, 4818, 28
666065, 659911, 1465, 4689, 424, 190, 140, 67, 63, 1499, 152, 367, 32, 4749, 28
383276, 378868, 1024, 3384, 385, 173, 135, 58, 55, 30365, 152, 70, 24, 3777, 28
610486, 604584, 1109, 4793, 431, 208, 231, 126, 116, 1493, 153, 638, 27, 4887, 28
2774625, 2768594, 1217, 4814, 565, 256, 195, 79, 88, 1400, 981, 2020, 3960, 4746, 28
178098, 173591, 1128, 3379, 363, 168, 134, 58, 55, 780, 152, 66, 25, 4084, 28
234500, 229690, 1001, 3809, 387, 172, 135, 57, 55, 843, 147, 64, 24, 4303, 28
156044, 151662, 990, 3392, 363, 169, 135, 57, 54, 764, 155, 63, 24, 3708, 28
161716, 157276, 1199, 3241, 383, 166, 133, 57, 55, 811, 151, 65, 25, 3650, 28
152201, 147633, 1051, 3517, 368, 169, 133, 58, 55, 760, 156, 66, 23, 3830, 28
2862591, 2855880, 1222, 5489, 3801, 2541, 2077, 80, 80, 5440, 1211, 120, 32, 5303, 28
2384616, 2379914, 1081, 3621, 393, 234, 195, 76, 76, 2750, 225, 81, 32, 4005, 28
2308550, 2301862, 1162, 5526, 588, 2354, 2353, 2297, 2300, 1273, 944, 721, 2354, 5373, 28
190165, 185417, 1383, 3365, 384, 196, 161, 66, 64, 815, 156, 75, 27, 3768, 28
173254, 168691, 1074, 3489, 383, 173, 135, 58, 55, 4948, 156, 66, 24, 3949, 28
143896, 139875, 891, 3130, 351, 166, 136, 57, 55, 724, 152, 66, 23, 3526, 28
177138, 172161, 1669, 3308, 358, 176, 135, 57, 54, 742, 148, 65, 24, 3670, 28
187638, 182318, 1079, 4241, 397, 194, 150, 63, 67, 957, 155, 71, 26, 4379, 28
156407, 151835, 987, 3585, 366, 170, 135, 58, 56, 776, 154, 63, 24, 3841, 28
233180, 227208, 1036, 4936, 513, 180, 135, 67, 57, 910, 206, 63, 25, 4886, 28
187737, 183356, 973, 3408, 381, 173, 136, 58, 57, 857, 157, 64, 26, 3744, 28
312226, 306794, 1420, 4012, 948, 2336, 2335, 2254, 2255, 3059, 714, 2088, 2320, 4419, 28
162016, 157816, 976, 3224, 353, 168, 134, 56, 56, 786, 148, 64, 23, 3467, 28
394443, 384713, 1177, 8553, 700, 232, 155, 64, 64, 1584, 168, 72, 30, 7708, 28
258287, 253101, 1042, 4144, 426, 190, 138, 59, 57, 21118, 188, 70, 28, 4420, 28
157868, 153718, 1054, 3096, 350, 164, 135, 57, 63, 856, 155, 64, 23, 3360, 28
172560, 168090, 1010, 3460, 390, 171, 135, 57, 55, 851, 155, 64, 25, 3781, 28
163899, 159687, 993, 3219, 375, 165, 133, 57, 55, 854, 156, 65, 23, 3624, 28
178631, 173839, 1067, 3725, 404, 169, 134, 57, 56, 856, 150, 64, 24, 4064, 28
402975, 396849, 1100, 5026, 457, 188, 160, 59, 59, 1049, 150, 69, 26, 5210, 28
312144, 306721, 1045, 4378, 375, 172, 134, 57, 56, 1302, 154, 65, 25, 4529, 28
194919, 189570, 1255, 4094, 379, 174, 135, 57, 55, 885, 155, 65, 24, 4092, 28
2825827, 2819851, 1231, 4745, 438, 248, 195, 77, 78, 1930, 177, 83, 36, 4810, 28
163685, 159044, 1048, 3593, 373, 174, 135, 59, 55, 902, 155, 64, 25, 3829, 28
210000, 204863, 1162, 3975, 382, 174, 135, 59, 57, 872, 147, 66, 24, 4199, 28
190433, 185121, 1161, 4151, 381, 238, 198, 60, 60, 874, 152, 49, 26, 4223, 32
166959, 162534, 1050, 3375, 366, 230, 197, 58, 61, 782, 157, 48, 25, 3672, 32
256432, 251603, 1118, 3711, 1859, 2436, 2441, 2300, 2300, 1603, 1002, 2074, 2268, 3642, 32
190905, 185609, 1350, 3946, 437, 238, 199, 62, 61, 910, 156, 49, 26, 4232, 32
188984, 184313, 992, 3679, 396, 257, 199, 62, 58, 877, 175, 47, 25, 4099, 32
195093, 189676, 1069, 4348, 386, 237, 200, 60, 60, 965, 158, 48, 27, 4330, 32
214065, 209502, 1152, 3411, 1611, 2398, 2400, 2262, 2265, 1642, 999, 2015, 2231, 3648, 32
191087, 186274, 1095, 3718, 436, 237, 199, 61, 60, 876, 160, 49, 26, 4221, 32
439668, 433632, 1310, 4726, 452, 247, 201, 63, 60, 3288, 157, 52, 27, 4978, 32
276438, 268649, 1912, 5877, 478, 260, 203, 65, 63, 1281, 156, 51, 28, 5677, 32
244863, 240101, 1200, 3562, 1675, 2478, 2481, 2338, 2323, 1547, 817, 773, 26, 4069, 32
285888, 280220, 1655, 4013, 468, 240, 200, 62, 60, 1124, 159, 50, 27, 4206, 32
261383, 256743, 1015, 3625, 422, 235, 197, 61, 61, 896, 161, 47, 25, 3977, 32
179630, 174833, 1248, 3549, 431, 237, 197, 62, 58, 882, 156, 47, 26, 3859, 32
333633, 326858, 1361, 5414, 576, 285, 202, 62, 62, 1212, 157, 51, 34, 5879, 32
194238, 188836, 1186, 4216, 459, 254, 203, 65, 63, 1057, 157, 52, 30, 4966, 32
223397, 217805, 1137, 4455, 456, 247, 203, 67, 64, 1233, 151, 51, 31, 4379, 32
259895, 255448, 1053, 3394, 1258, 2384, 2389, 2252, 2252, 1617, 958, 1990, 2217, 3742, 32
240203, 235369, 1220, 3614, 424, 238, 197, 61, 61, 1768, 158, 96, 26, 4082, 32
537579, 530961, 1163, 5455, 408, 249, 201, 62, 61, 1707, 152, 54, 30, 5330, 32
705011, 699323, 1033, 4655, 476, 246, 199, 63, 62, 1128, 158, 55, 27, 5214, 32
388415, 383183, 1296, 3936, 378, 242, 200, 63, 62, 1467, 158, 50, 27, 4126, 32
660256, 654637, 1190, 4429, 402, 268, 224, 68, 69, 2187, 161, 56, 29, 4526, 32
411977, 405665, 1182, 5130, 471, 252, 205, 66, 65, 1088, 159, 53, 30, 5438, 32
333701, 329204, 1051, 3446, 385, 251, 200, 61, 59, 888, 160, 48, 25, 3982, 32
470031, 464284, 1181, 4566, 464, 244, 199, 63, 60, 1264, 158, 83, 27, 4995, 32
207936, 203635, 1063, 3238, 361, 237, 207, 64, 63, 785, 156, 48, 26, 3641, 32
207389, 202789, 1058, 3542, 402, 237, 199, 60, 61, 1195, 161, 48, 26, 4153, 32
243180, 237288, 1377, 4515, 397, 246, 202, 63, 60, 15588, 156, 51, 26, 4568, 32
2333591, 2326697, 1327, 5567, 2395, 2382, 1916, 519, 518, 1515, 1648, 862, 31, 5531, 32
181157, 176712, 1013, 3432, 367, 233, 200, 60, 59, 771, 155, 47, 25, 3756, 32
193901, 188505, 1315, 4081, 381, 273, 234, 73, 74, 910, 163, 56, 31, 4134, 32
187804, 182513, 1241, 4050, 386, 274, 235, 71, 67, 1965, 157, 57, 31, 4072, 32
159430, 154698, 1280, 3452, 363, 263, 232, 66, 67, 806, 162, 54, 28, 3676, 32
161342, 157008, 1170, 3164, 352, 246, 214, 61, 63, 738, 159, 50, 25, 3483, 32
2841223, 2835451, 1028, 4744, 2728, 2649, 4579, 3205, 4488, 3632, 931, 4135, 4444, 4788, 32
189566, 184809, 1176, 3581, 385, 266, 232, 69, 67, 839, 168, 55, 29, 3876, 32
200564, 194680, 1486, 4398, 389, 279, 235, 70, 70, 970, 160, 58, 31, 4327, 32
2734444, 2728784, 1067, 4593, 2729, 2658, 4566, 3195, 4494, 4756, 1917, 4131, 4445, 4666, 32
164320, 159539, 1039, 3742, 376, 268, 233, 67, 66, 863, 159, 55, 29, 4019, 32
162887, 158434, 1285, 3168, 377, 240, 200, 62, 61, 803, 161, 47, 26, 3530, 32
164539, 160233, 997, 3309, 363, 231, 199, 61, 60, 785, 152, 48, 25, 3584, 32
195759, 190988, 1139, 3632, 418, 238, 201, 60, 60, 818, 156, 48, 26, 4204, 32
171730, 167033, 1143, 3554, 405, 236, 201, 62, 60, 851, 156, 48, 25, 3932, 32
224424, 220292, 970, 3162, 360, 229, 199, 59, 60, 741, 159, 47, 24, 3520, 32
174025, 168763, 1106, 4156, 380, 240, 199, 63, 61, 982, 159, 49, 25, 4070, 32
170672, 165957, 965, 3750, 369, 234, 200, 61, 61, 907, 157, 49, 25, 3930, 32
324988, 319133, 1348, 4507, 1661, 2402, 2443, 2265, 2341, 1587, 860, 2018, 2239, 4436, 32
165835, 161496, 1019, 3320, 368, 232, 198, 62, 61, 838, 158, 47, 25, 3579, 32
277300, 272533, 1176, 3591, 414, 236, 198, 62, 59, 809, 152, 47, 25, 4166, 32
